DUAN,84353150959,Ho tro han muc,ap dung cho,25t.riu t.hanh toan 1tr/thang ,Soan Y Gui phone/zalo,khong mat phi,tran trong xin loi neu tin nhan nay lam phien
LOAN,84358573650,Gui han muc ,danh rieng cho,25t g.op 1.1t /thang,Soan Y Sms phone/zalo,khong mat phi,cam on anh chi da nhan tin
NHUNG,84979579013,uu dai han muc,danh cho kh,25t.r th.anh toan 1tr/thang,Soan Y Goi phone/zalo,hoan toan mien phi,xin loi neu da lam phien
THI,84326112349,ho tro han muc,ap dung cho,25t.riu t.hanh toan 1tr/thang ,Lien he phone/zalo,khong mat phi,tran trong xin loi neu tin nhan nay lam phien
AN,84377102522,gui han muc ,danh rieng cho,25t g.op 1.1t /thang,Soan Y Nhan phone/zalo,khong mat phi,cam on anh chi da nhan tin
TAI,84967395917,Uu dai han muc,danh cho kh,25t.r th.anh toan 1tr/thang,Soan Y Goi phone/zalo,khong mat phi,xin loi neu da lam phien
GAM,84962864080,Ho tro han muc,ap dung cho,25t.riu t.hanh toan 1tr/thang ,Soan Y Nhan phone/zalo,hoan toan mien phi,tran trong xin loi neu tin nhan nay lam phien
NAM,84869872041,Gui han muc ,danh rieng cho,25t g.op 1.1t /thang,Soan Y Gui phone/zalo,hoan toan mien phi,cam on anh chi da nhan tin
CUONG,84364845451,uu dai han muc,danh cho kh,25t.r th.anh toan 1tr/thang,Soan Y Goi phone/zalo,khong mat phi,xin loi neu da lam phien
HIEU,84347913293,ho tro han muc,ap dung cho,25t.riu t.hanh toan 1tr/thang ,Soan Y Nhan phone/zalo,khong mat phi,tran trong xin loi neu tin nhan nay lam phien
HIEN,84368314232,gui han muc ,danh rieng cho,25t g.op 1.1t /thang,Lien he phone/zalo,hoan toan mien phi,cam on anh chi da nhan tin
VINH,84338221267,Uu dai han muc,danh cho kh,25t.r th.anh toan 1tr/thang,Soan Y Sms phone/zalo,hoan toan mien phi,xin loi neu da lam phien
QUANG,84368367592,Ho tro han muc,ap dung cho,25t.riu t.hanh toan 1tr/thang ,Soan Y Gui phone/zalo,khong mat phi,tran trong xin loi neu tin nhan nay lam phien
VI,84375279318,Gui han muc ,danh rieng cho,25t g.op 1.1t /thang,Soan Y Sms phone/zalo,khong mat phi,cam on anh chi da nhan tin
LOAN,84963080833,uu dai han muc,danh cho kh,25t.r th.anh toan 1tr/thang,Soan Y Goi phone/zalo,hoan toan mien phi,xin loi neu da lam phien
HIEN,84978061364,ho tro han muc,ap dung cho,25t.riu t.hanh toan 1tr/thang ,Lien he phone/zalo,khong mat phi,tran trong xin loi neu tin nhan nay lam phien
LY,84968619560,gui han muc ,danh rieng cho,25t g.op 1.1t /thang,Soan Y Nhan phone/zalo,khong mat phi,cam on anh chi da nhan tin
TOAN,84375744535,Uu dai han muc,danh cho kh,25t.r th.anh toan 1tr/thang,Soan Y Goi phone/zalo,khong mat phi,xin loi neu da lam phien
TRINH,84397579880,Ho tro han muc,ap dung cho,25t.riu t.hanh toan 1tr/thang ,Soan Y Nhan phone/zalo,hoan toan mien phi,tran trong xin loi neu tin nhan nay lam phien
TUAN,84332353651,Gui han muc ,danh rieng cho,25t g.op 1.1t /thang,Soan Y Gui phone/zalo,hoan toan mien phi,cam on anh chi da nhan tin
TINH,84383057391,uu dai han muc,danh cho kh,25t.r th.anh toan 1tr/thang,Soan Y Goi phone/zalo,khong mat phi,xin loi neu da lam phien
TRIEU,84972774052,ho tro han muc,ap dung cho,25t.riu t.hanh toan 1tr/thang ,Soan Y Nhan phone/zalo,khong mat phi,tran trong xin loi neu tin nhan nay lam phien
TRANG,84335152805,gui han muc ,danh rieng cho,25t g.op 1.1t /thang,Lien he phone/zalo,hoan toan mien phi,cam on anh chi da nhan tin
LUAT,84971505741,Uu dai han muc,danh cho kh,25t.r th.anh toan 1tr/thang,Soan Y Sms phone/zalo,hoan toan mien phi,xin loi neu da lam phien
SINH,84368546838,Ho tro han muc,ap dung cho,25t.riu t.hanh toan 1tr/thang ,Soan Y Gui phone/zalo,khong mat phi,tran trong xin loi neu tin nhan nay lam phien
CHI,84868201543,Gui han muc ,danh rieng cho,25t g.op 1.1t /thang,Soan Y Sms phone/zalo,khong mat phi,cam on anh chi da nhan tin
TIEN,84977967622,uu dai han muc,danh cho kh,25t.r th.anh toan 1tr/thang,Soan Y Goi phone/zalo,hoan toan mien phi,xin loi neu da lam phien
HOAN,84963958830,ho tro han muc,ap dung cho,25t.riu t.hanh toan 1tr/thang ,Lien he phone/zalo,khong mat phi,tran trong xin loi neu tin nhan nay lam phien
LINH,84978601673,gui han muc ,danh rieng cho,25t g.op 1.1t /thang,Soan Y Nhan phone/zalo,khong mat phi,cam on anh chi da nhan tin
NHUT,84964774243,Uu dai han muc,danh cho kh,25t.r th.anh toan 1tr/thang,Soan Y Goi phone/zalo,khong mat phi,xin loi neu da lam phien
DUNG,84962089691,Ho tro han muc,ap dung cho,25t.riu t.hanh toan 1tr/thang ,Soan Y Nhan phone/zalo,hoan toan mien phi,tran trong xin loi neu tin nhan nay lam phien
KIEM,84383777829,Gui han muc ,danh rieng cho,25t g.op 1.1t /thang,Soan Y Gui phone/zalo,hoan toan mien phi,cam on anh chi da nhan tin
QUANG,84981227502,uu dai han muc,danh cho kh,25t.r th.anh toan 1tr/thang,Soan Y Goi phone/zalo,khong mat phi,xin loi neu da lam phien
HUAN,84985923189,ho tro han muc,ap dung cho,25t.riu t.hanh toan 1tr/thang ,Soan Y Nhan phone/zalo,khong mat phi,tran trong xin loi neu tin nhan nay lam phien
XUAN,84369038921,gui han muc ,danh rieng cho,25t g.op 1.1t /thang,Lien he phone/zalo,hoan toan mien phi,cam on anh chi da nhan tin
VU,84962791163,Uu dai han muc,danh cho kh,25t.r th.anh toan 1tr/thang,Soan Y Sms phone/zalo,hoan toan mien phi,xin loi neu da lam phien
DUNG,84336785367,Ho tro han muc,ap dung cho,25t.riu t.hanh toan 1tr/thang ,Soan Y Gui phone/zalo,khong mat phi,tran trong xin loi neu tin nhan nay lam phien
BANG,84865030192,Gui han muc ,danh rieng cho,25t g.op 1.1t /thang,Soan Y Sms phone/zalo,khong mat phi,cam on anh chi da nhan tin
THUY,84961338878,uu dai han muc,danh cho kh,25t.r th.anh toan 1tr/thang,Soan Y Goi phone/zalo,hoan toan mien phi,xin loi neu da lam phien
ANH,84337596233,ho tro han muc,ap dung cho,25t.riu t.hanh toan 1tr/thang ,Lien he phone/zalo,khong mat phi,tran trong xin loi neu tin nhan nay lam phien
HANG,84869074092,gui han muc ,danh rieng cho,25t g.op 1.1t /thang,Soan Y Nhan phone/zalo,khong mat phi,cam on anh chi da nhan tin
DUYEN,84352481440,Uu dai han muc,danh cho kh,25t.r th.anh toan 1tr/thang,Soan Y Goi phone/zalo,khong mat phi,xin loi neu da lam phien
HAU,84372909190,Ho tro han muc,ap dung cho,25t.riu t.hanh toan 1tr/thang ,Soan Y Nhan phone/zalo,hoan toan mien phi,tran trong xin loi neu tin nhan nay lam phien
HUONG,84965086863,Gui han muc ,danh rieng cho,25t g.op 1.1t /thang,Soan Y Gui phone/zalo,hoan toan mien phi,cam on anh chi da nhan tin
LAN,84339559960,uu dai han muc,danh cho kh,25t.r th.anh toan 1tr/thang,Soan Y Goi phone/zalo,khong mat phi,xin loi neu da lam phien
OANH,84338836307,ho tro han muc,ap dung cho,25t.riu t.hanh toan 1tr/thang ,Soan Y Nhan phone/zalo,khong mat phi,tran trong xin loi neu tin nhan nay lam phien
HUY,84395260370,gui han muc ,danh rieng cho,25t g.op 1.1t /thang,Lien he phone/zalo,hoan toan mien phi,cam on anh chi da nhan tin
BICH,84336221584,Uu dai han muc,danh cho kh,25t.r th.anh toan 1tr/thang,Soan Y Sms phone/zalo,hoan toan mien phi,xin loi neu da lam phien
KHANH,84357492826,Ho tro han muc,ap dung cho,25t.riu t.hanh toan 1tr/thang ,Soan Y Gui phone/zalo,khong mat phi,tran trong xin loi neu tin nhan nay lam phien
CONG,84376734480,Gui han muc ,danh rieng cho,25t g.op 1.1t /thang,Soan Y Sms phone/zalo,khong mat phi,cam on anh chi da nhan tin
HA,84364581053,uu dai han muc,danh cho kh,25t.r th.anh toan 1tr/thang,Soan Y Goi phone/zalo,hoan toan mien phi,xin loi neu da lam phien
HAI,84981645651,ho tro han muc,ap dung cho,25t.riu t.hanh toan 1tr/thang ,Lien he phone/zalo,khong mat phi,tran trong xin loi neu tin nhan nay lam phien
HOI,84394231511,gui han muc ,danh rieng cho,25t g.op 1.1t /thang,Soan Y Nhan phone/zalo,khong mat phi,cam on anh chi da nhan tin
VIET,84394165173,Uu dai han muc,danh cho kh,25t.r th.anh toan 1tr/thang,Soan Y Goi phone/zalo,khong mat phi,xin loi neu da lam phien
THANH,84385417086,Ho tro han muc,ap dung cho,25t.riu t.hanh toan 1tr/thang ,Soan Y Nhan phone/zalo,hoan toan mien phi,tran trong xin loi neu tin nhan nay lam phien
VAN,84964040856,Gui han muc ,danh rieng cho,25t g.op 1.1t /thang,Soan Y Gui phone/zalo,hoan toan mien phi,cam on anh chi da nhan tin
NGAN,84356132242,uu dai han muc,danh cho kh,25t.r th.anh toan 1tr/thang,Soan Y Goi phone/zalo,khong mat phi,xin loi neu da lam phien
GIANG,84352989498,ho tro han muc,ap dung cho,25t.riu t.hanh toan 1tr/thang ,Soan Y Nhan phone/zalo,khong mat phi,tran trong xin loi neu tin nhan nay lam phien
THUY,84973011462,gui han muc ,danh rieng cho,25t g.op 1.1t /thang,Lien he phone/zalo,hoan toan mien phi,cam on anh chi da nhan tin
PHUONG,84389424778,Uu dai han muc,danh cho kh,25t.r th.anh toan 1tr/thang,Soan Y Sms phone/zalo,hoan toan mien phi,xin loi neu da lam phien
ANH,84376395845,Ho tro han muc,ap dung cho,25t.riu t.hanh toan 1tr/thang ,Soan Y Gui phone/zalo,khong mat phi,tran trong xin loi neu tin nhan nay lam phien
HUONG,84988755714,Gui han muc ,danh rieng cho,25t g.op 1.1t /thang,Soan Y Sms phone/zalo,khong mat phi,cam on anh chi da nhan tin
TUYEN,84394636591,uu dai han muc,danh cho kh,25t.r th.anh toan 1tr/thang,Soan Y Goi phone/zalo,hoan toan mien phi,xin loi neu da lam phien
SON,84333870575,ho tro han muc,ap dung cho,25t.riu t.hanh toan 1tr/thang ,Lien he phone/zalo,khong mat phi,tran trong xin loi neu tin nhan nay lam phien
TUAN,84377603099,gui han muc ,danh rieng cho,25t g.op 1.1t /thang,Soan Y Nhan phone/zalo,khong mat phi,cam on anh chi da nhan tin
TOT,84397549804,Uu dai han muc,danh cho kh,25t.r th.anh toan 1tr/thang,Soan Y Goi phone/zalo,khong mat phi,xin loi neu da lam phien
HA,84387278153,Ho tro han muc,ap dung cho,25t.riu t.hanh toan 1tr/thang ,Soan Y Nhan phone/zalo,hoan toan mien phi,tran trong xin loi neu tin nhan nay lam phien
TUAN,84389623824,Gui han muc ,danh rieng cho,25t g.op 1.1t /thang,Soan Y Gui phone/zalo,hoan toan mien phi,cam on anh chi da nhan tin
ANH,84977879864,uu dai han muc,danh cho kh,25t.r th.anh toan 1tr/thang,Soan Y Goi phone/zalo,khong mat phi,xin loi neu da lam phien
PHUONG,84376670119,ho tro han muc,ap dung cho,25t.riu t.hanh toan 1tr/thang ,Soan Y Nhan phone/zalo,khong mat phi,tran trong xin loi neu tin nhan nay lam phien
ANH,84368182110,gui han muc ,danh rieng cho,25t g.op 1.1t /thang,Lien he phone/zalo,hoan toan mien phi,cam on anh chi da nhan tin
TIEN,84865842398,Uu dai han muc,danh cho kh,25t.r th.anh toan 1tr/thang,Soan Y Sms phone/zalo,hoan toan mien phi,xin loi neu da lam phien
THINH,84985455441,Ho tro han muc,ap dung cho,25t.riu t.hanh toan 1tr/thang ,Soan Y Gui phone/zalo,khong mat phi,tran trong xin loi neu tin nhan nay lam phien
VIET,84973982220,Gui han muc ,danh rieng cho,25t g.op 1.1t /thang,Soan Y Sms phone/zalo,khong mat phi,cam on anh chi da nhan tin
MAN,84359066321,uu dai han muc,danh cho kh,25t.r th.anh toan 1tr/thang,Soan Y Goi phone/zalo,hoan toan mien phi,xin loi neu da lam phien
DUYET,84964137445,ho tro han muc,ap dung cho,25t.riu t.hanh toan 1tr/thang ,Lien he phone/zalo,khong mat phi,tran trong xin loi neu tin nhan nay lam phien
THIEN,84865358131,gui han muc ,danh rieng cho,25t g.op 1.1t /thang,Soan Y Nhan phone/zalo,khong mat phi,cam on anh chi da nhan tin
PHUONG,84365959197,Uu dai han muc,danh cho kh,25t.r th.anh toan 1tr/thang,Soan Y Goi phone/zalo,khong mat phi,xin loi neu da lam phien
DUC,84347043366,Ho tro han muc,ap dung cho,25t.riu t.hanh toan 1tr/thang ,Soan Y Nhan phone/zalo,hoan toan mien phi,tran trong xin loi neu tin nhan nay lam phien
TAI,84347783936,Gui han muc ,danh rieng cho,25t g.op 1.1t /thang,Soan Y Gui phone/zalo,hoan toan mien phi,cam on anh chi da nhan tin
NAM,84383978113,uu dai han muc,danh cho kh,25t.r th.anh toan 1tr/thang,Soan Y Goi phone/zalo,khong mat phi,xin loi neu da lam phien
QUYEN,84962287604,ho tro han muc,ap dung cho,25t.riu t.hanh toan 1tr/thang ,Soan Y Nhan phone/zalo,khong mat phi,tran trong xin loi neu tin nhan nay lam phien
NINH,84989094145,gui han muc ,danh rieng cho,25t g.op 1.1t /thang,Lien he phone/zalo,hoan toan mien phi,cam on anh chi da nhan tin
BIEN,84862424222,Uu dai han muc,danh cho kh,25t.r th.anh toan 1tr/thang,Soan Y Sms phone/zalo,hoan toan mien phi,xin loi neu da lam phien
NHAN,84397420271,Ho tro han muc,ap dung cho,25t.riu t.hanh toan 1tr/thang ,Soan Y Gui phone/zalo,khong mat phi,tran trong xin loi neu tin nhan nay lam phien
HUU,84329630050,Gui han muc ,danh rieng cho,25t g.op 1.1t /thang,Soan Y Sms phone/zalo,khong mat phi,cam on anh chi da nhan tin
KHUYEN,84862008661,uu dai han muc,danh cho kh,25t.r th.anh toan 1tr/thang,Soan Y Goi phone/zalo,hoan toan mien phi,xin loi neu da lam phien
QUY,84327293680,ho tro han muc,ap dung cho,25t.riu t.hanh toan 1tr/thang ,Lien he phone/zalo,khong mat phi,tran trong xin loi neu tin nhan nay lam phien
MAN,84976931790,gui han muc ,danh rieng cho,25t g.op 1.1t /thang,Soan Y Nhan phone/zalo,khong mat phi,cam on anh chi da nhan tin
CAO,84972861818,Uu dai han muc,danh cho kh,25t.r th.anh toan 1tr/thang,Soan Y Goi phone/zalo,khong mat phi,xin loi neu da lam phien
QUYNH,84362408161,Ho tro han muc,ap dung cho,25t.riu t.hanh toan 1tr/thang ,Soan Y Nhan phone/zalo,hoan toan mien phi,tran trong xin loi neu tin nhan nay lam phien
LIEN,84342450245,Gui han muc ,danh rieng cho,25t g.op 1.1t /thang,Soan Y Gui phone/zalo,hoan toan mien phi,cam on anh chi da nhan tin
DAT,84338556972,uu dai han muc,danh cho kh,25t.r th.anh toan 1tr/thang,Soan Y Goi phone/zalo,khong mat phi,xin loi neu da lam phien
VAN,84338676284,ho tro han muc,ap dung cho,25t.riu t.hanh toan 1tr/thang ,Soan Y Nhan phone/zalo,khong mat phi,tran trong xin loi neu tin nhan nay lam phien
MY,84985909864,gui han muc ,danh rieng cho,25t g.op 1.1t /thang,Lien he phone/zalo,hoan toan mien phi,cam on anh chi da nhan tin
AN,84347972836,Uu dai han muc,danh cho kh,25t.r th.anh toan 1tr/thang,Soan Y Sms phone/zalo,hoan toan mien phi,xin loi neu da lam phien
DUONG,84337580916,Ho tro han muc,ap dung cho,25t.riu t.hanh toan 1tr/thang ,Soan Y Gui phone/zalo,khong mat phi,tran trong xin loi neu tin nhan nay lam phien
SUU,84355705399,Gui han muc ,danh rieng cho,25t g.op 1.1t /thang,Soan Y Sms phone/zalo,khong mat phi,cam on anh chi da nhan tin
THANG,84868985846,uu dai han muc,danh cho kh,25t.r th.anh toan 1tr/thang,Soan Y Goi phone/zalo,hoan toan mien phi,xin loi neu da lam phien
HUONG,84325941132,ho tro han muc,ap dung cho,25t.riu t.hanh toan 1tr/thang ,Lien he phone/zalo,khong mat phi,tran trong xin loi neu tin nhan nay lam phien
THIEN,84379672746,gui han muc ,danh rieng cho,25t g.op 1.1t /thang,Soan Y Nhan phone/zalo,khong mat phi,cam on anh chi da nhan tin
NGHIA,84973686101,Uu dai han muc,danh cho kh,25t.r th.anh toan 1tr/thang,Soan Y Goi phone/zalo,khong mat phi,xin loi neu da lam phien
PHUONG,84354387168,Ho tro han muc,ap dung cho,25t.riu t.hanh toan 1tr/thang ,Soan Y Nhan phone/zalo,hoan toan mien phi,tran trong xin loi neu tin nhan nay lam phien
TRANG,84375040256,Gui han muc ,danh rieng cho,25t g.op 1.1t /thang,Soan Y Gui phone/zalo,hoan toan mien phi,cam on anh chi da nhan tin
TRA,84337931880,uu dai han muc,danh cho kh,25t.r th.anh toan 1tr/thang,Soan Y Goi phone/zalo,khong mat phi,xin loi neu da lam phien
TOAN,84963344393,ho tro han muc,ap dung cho,25t.riu t.hanh toan 1tr/thang ,Soan Y Nhan phone/zalo,khong mat phi,tran trong xin loi neu tin nhan nay lam phien
KHOE,84985545229,gui han muc ,danh rieng cho,25t g.op 1.1t /thang,Lien he phone/zalo,hoan toan mien phi,cam on anh chi da nhan tin
THUYET,84369258456,Uu dai han muc,danh cho kh,25t.r th.anh toan 1tr/thang,Soan Y Sms phone/zalo,hoan toan mien phi,xin loi neu da lam phien
HONG,84395665468,Ho tro han muc,ap dung cho,25t.riu t.hanh toan 1tr/thang ,Soan Y Gui phone/zalo,khong mat phi,tran trong xin loi neu tin nhan nay lam phien
NHU,84373287128,Gui han muc ,danh rieng cho,25t g.op 1.1t /thang,Soan Y Sms phone/zalo,khong mat phi,cam on anh chi da nhan tin
HOA,84975973913,uu dai han muc,danh cho kh,25t.r th.anh toan 1tr/thang,Soan Y Goi phone/zalo,hoan toan mien phi,xin loi neu da lam phien
KIET,84387600901,ho tro han muc,ap dung cho,25t.riu t.hanh toan 1tr/thang ,Lien he phone/zalo,khong mat phi,tran trong xin loi neu tin nhan nay lam phien
LAI,84334488974,gui han muc ,danh rieng cho,25t g.op 1.1t /thang,Soan Y Nhan phone/zalo,khong mat phi,cam on anh chi da nhan tin
SANG,84989150866,Uu dai han muc,danh cho kh,25t.r th.anh toan 1tr/thang,Soan Y Goi phone/zalo,khong mat phi,xin loi neu da lam phien
TOAN,84972352558,Ho tro han muc,ap dung cho,25t.riu t.hanh toan 1tr/thang ,Soan Y Nhan phone/zalo,hoan toan mien phi,tran trong xin loi neu tin nhan nay lam phien
DAO,84384735529,Gui han muc ,danh rieng cho,25t g.op 1.1t /thang,Soan Y Gui phone/zalo,hoan toan mien phi,cam on anh chi da nhan tin
TAN,84394498184,uu dai han muc,danh cho kh,25t.r th.anh toan 1tr/thang,Soan Y Goi phone/zalo,khong mat phi,xin loi neu da lam phien
VUONG,84971073468,ho tro han muc,ap dung cho,25t.riu t.hanh toan 1tr/thang ,Soan Y Nhan phone/zalo,khong mat phi,tran trong xin loi neu tin nhan nay lam phien
THANG,84982451424,gui han muc ,danh rieng cho,25t g.op 1.1t /thang,Lien he phone/zalo,hoan toan mien phi,cam on anh chi da nhan tin
LAM,84971719878,Uu dai han muc,danh cho kh,25t.r th.anh toan 1tr/thang,Soan Y Sms phone/zalo,hoan toan mien phi,xin loi neu da lam phien
TRUC,84981815155,Ho tro han muc,ap dung cho,25t.riu t.hanh toan 1tr/thang ,Soan Y Gui phone/zalo,khong mat phi,tran trong xin loi neu tin nhan nay lam phien
TAM,84399244621,Gui han muc ,danh rieng cho,25t g.op 1.1t /thang,Soan Y Sms phone/zalo,khong mat phi,cam on anh chi da nhan tin
TUYEN,84971493490,uu dai han muc,danh cho kh,25t.r th.anh toan 1tr/thang,Soan Y Goi phone/zalo,hoan toan mien phi,xin loi neu da lam phien
PHUNG,84985177849,ho tro han muc,ap dung cho,25t.riu t.hanh toan 1tr/thang ,Lien he phone/zalo,khong mat phi,tran trong xin loi neu tin nhan nay lam phien
TRANG,84398204752,gui han muc ,danh rieng cho,25t g.op 1.1t /thang,Soan Y Nhan phone/zalo,khong mat phi,cam on anh chi da nhan tin
NGAN,84973754486,Uu dai han muc,danh cho kh,25t.r th.anh toan 1tr/thang,Soan Y Goi phone/zalo,khong mat phi,xin loi neu da lam phien
HUE,84373107311,Ho tro han muc,ap dung cho,25t.riu t.hanh toan 1tr/thang ,Soan Y Nhan phone/zalo,hoan toan mien phi,tran trong xin loi neu tin nhan nay lam phien
THAO,84379598555,Gui han muc ,danh rieng cho,25t g.op 1.1t /thang,Soan Y Gui phone/zalo,hoan toan mien phi,cam on anh chi da nhan tin
HUONG,84396384287,uu dai han muc,danh cho kh,25t.r th.anh toan 1tr/thang,Soan Y Goi phone/zalo,khong mat phi,xin loi neu da lam phien
HOANG,84979089798,ho tro han muc,ap dung cho,25t.riu t.hanh toan 1tr/thang ,Soan Y Nhan phone/zalo,khong mat phi,tran trong xin loi neu tin nhan nay lam phien
NHI,84364701329,gui han muc ,danh rieng cho,25t g.op 1.1t /thang,Lien he phone/zalo,hoan toan mien phi,cam on anh chi da nhan tin
HUNG,84385777309,Uu dai han muc,danh cho kh,25t.r th.anh toan 1tr/thang,Soan Y Sms phone/zalo,hoan toan mien phi,xin loi neu da lam phien
BINH,84979968523,Ho tro han muc,ap dung cho,25t.riu t.hanh toan 1tr/thang ,Soan Y Gui phone/zalo,khong mat phi,tran trong xin loi neu tin nhan nay lam phien
TRANG,84359235805,Gui han muc ,danh rieng cho,25t g.op 1.1t /thang,Soan Y Sms phone/zalo,khong mat phi,cam on anh chi da nhan tin
THAO,84973805803,uu dai han muc,danh cho kh,25t.r th.anh toan 1tr/thang,Soan Y Goi phone/zalo,hoan toan mien phi,xin loi neu da lam phien
CUONG,84966317727,ho tro han muc,ap dung cho,25t.riu t.hanh toan 1tr/thang ,Lien he phone/zalo,khong mat phi,tran trong xin loi neu tin nhan nay lam phien
HA,84988566591,gui han muc ,danh rieng cho,25t g.op 1.1t /thang,Soan Y Nhan phone/zalo,khong mat phi,cam on anh chi da nhan tin
CUONG,84987544648,Uu dai han muc,danh cho kh,25t.r th.anh toan 1tr/thang,Soan Y Goi phone/zalo,khong mat phi,xin loi neu da lam phien
EM,84986367736,Ho tro han muc,ap dung cho,25t.riu t.hanh toan 1tr/thang ,Soan Y Nhan phone/zalo,hoan toan mien phi,tran trong xin loi neu tin nhan nay lam phien
BAY,84346181782,Gui han muc ,danh rieng cho,25t g.op 1.1t /thang,Soan Y Gui phone/zalo,hoan toan mien phi,cam on anh chi da nhan tin
PHUC,84988956439,uu dai han muc,danh cho kh,25t.r th.anh toan 1tr/thang,Soan Y Goi phone/zalo,khong mat phi,xin loi neu da lam phien
QUANG,84965778644,ho tro han muc,ap dung cho,25t.riu t.hanh toan 1tr/thang ,Soan Y Nhan phone/zalo,khong mat phi,tran trong xin loi neu tin nhan nay lam phien
TIEN,84962294824,gui han muc ,danh rieng cho,25t g.op 1.1t /thang,Lien he phone/zalo,hoan toan mien phi,cam on anh chi da nhan tin
VINH,84325712136,Uu dai han muc,danh cho kh,25t.r th.anh toan 1tr/thang,Soan Y Sms phone/zalo,hoan toan mien phi,xin loi neu da lam phien
QUYEN,84971242994,Ho tro han muc,ap dung cho,25t.riu t.hanh toan 1tr/thang ,Soan Y Gui phone/zalo,khong mat phi,tran trong xin loi neu tin nhan nay lam phien
REN,84372536680,Gui han muc ,danh rieng cho,25t g.op 1.1t /thang,Soan Y Sms phone/zalo,khong mat phi,cam on anh chi da nhan tin
CUONG,84383448101,uu dai han muc,danh cho kh,25t.r th.anh toan 1tr/thang,Soan Y Goi phone/zalo,hoan toan mien phi,xin loi neu da lam phien
THOA,84375698084,ho tro han muc,ap dung cho,25t.riu t.hanh toan 1tr/thang ,Lien he phone/zalo,khong mat phi,tran trong xin loi neu tin nhan nay lam phien
TUAN,84369254583,gui han muc ,danh rieng cho,25t g.op 1.1t /thang,Soan Y Nhan phone/zalo,khong mat phi,cam on anh chi da nhan tin
GAI,84969560792,Uu dai han muc,danh cho kh,25t.r th.anh toan 1tr/thang,Soan Y Sms phone/zalo,hoan toan mien phi,xin loi neu da lam phien
TUAN,84977441058,Ho tro han muc,ap dung cho,25t.riu t.hanh toan 1tr/thang ,Soan Y Gui phone/zalo,khong mat phi,tran trong xin loi neu tin nhan nay lam phien
GIAU,84388366651,Gui han muc ,danh rieng cho,25t g.op 1.1t /thang,Soan Y Sms phone/zalo,khong mat phi,cam on anh chi da nhan tin
VUONG,84962760706,uu dai han muc,danh cho kh,25t.r th.anh toan 1tr/thang,Soan Y Goi phone/zalo,hoan toan mien phi,xin loi neu da lam phien
UT,84397505709,ho tro han muc,ap dung cho,25t.riu t.hanh toan 1tr/thang ,Lien he phone/zalo,khong mat phi,tran trong xin loi neu tin nhan nay lam phien
HUONG,84389899768,gui han muc ,danh rieng cho,25t g.op 1.1t /thang,Soan Y Nhan phone/zalo,khong mat phi,cam on anh chi da nhan tin
MINH,84397911565,Uu dai han muc,danh cho kh,25t.r th.anh toan 1tr/thang,Soan Y Goi phone/zalo,khong mat phi,xin loi neu da lam phien
THIN,84977926808,Ho tro han muc,ap dung cho,25t.riu t.hanh toan 1tr/thang ,Soan Y Nhan phone/zalo,hoan toan mien phi,tran trong xin loi neu tin nhan nay lam phien
PHUC,84987571536,Gui han muc ,danh rieng cho,25t g.op 1.1t /thang,Soan Y Gui phone/zalo,hoan toan mien phi,cam on anh chi da nhan tin
TUNG,84968741993,uu dai han muc,danh cho kh,25t.r th.anh toan 1tr/thang,Soan Y Goi phone/zalo,khong mat phi,xin loi neu da lam phien
DUNG,84384696008,ho tro han muc,ap dung cho,25t.riu t.hanh toan 1tr/thang ,Soan Y Nhan phone/zalo,khong mat phi,tran trong xin loi neu tin nhan nay lam phien
QUAN,84978439441,gui han muc ,danh rieng cho,25t g.op 1.1t /thang,Lien he phone/zalo,hoan toan mien phi,cam on anh chi da nhan tin
LONG,84972892224,Uu dai han muc,danh cho kh,25t.r th.anh toan 1tr/thang,Soan Y Sms phone/zalo,hoan toan mien phi,xin loi neu da lam phien
THUY,84979933625,Ho tro han muc,ap dung cho,25t.riu t.hanh toan 1tr/thang ,Soan Y Gui phone/zalo,khong mat phi,tran trong xin loi neu tin nhan nay lam phien
TIEN,84362432814,Gui han muc ,danh rieng cho,25t g.op 1.1t /thang,Soan Y Sms phone/zalo,khong mat phi,cam on anh chi da nhan tin
TRIEU,84387848491,uu dai han muc,danh cho kh,25t.r th.anh toan 1tr/thang,Soan Y Goi phone/zalo,hoan toan mien phi,xin loi neu da lam phien
HUYEN,84987098722,ho tro han muc,ap dung cho,25t.riu t.hanh toan 1tr/thang ,Lien he phone/zalo,khong mat phi,tran trong xin loi neu tin nhan nay lam phien
THAM,84344564007,gui han muc ,danh rieng cho,25t g.op 1.1t /thang,Soan Y Nhan phone/zalo,khong mat phi,cam on anh chi da nhan tin
HUNG,84969197709,Uu dai han muc,danh cho kh,25t.r th.anh toan 1tr/thang,Soan Y Goi phone/zalo,khong mat phi,xin loi neu da lam phien
YEN,84336735403,Ho tro han muc,ap dung cho,25t.riu t.hanh toan 1tr/thang ,Soan Y Nhan phone/zalo,hoan toan mien phi,tran trong xin loi neu tin nhan nay lam phien
HONG,84961333951,Gui han muc ,danh rieng cho,25t g.op 1.1t /thang,Soan Y Gui phone/zalo,hoan toan mien phi,cam on anh chi da nhan tin
SY,84363989805,uu dai han muc,danh cho kh,25t.r th.anh toan 1tr/thang,Soan Y Goi phone/zalo,khong mat phi,xin loi neu da lam phien
VUONG,84333028356,ho tro han muc,ap dung cho,25t.riu t.hanh toan 1tr/thang ,Soan Y Nhan phone/zalo,khong mat phi,tran trong xin loi neu tin nhan nay lam phien
TRANG,84333214915,gui han muc ,danh rieng cho,25t g.op 1.1t /thang,Lien he phone/zalo,hoan toan mien phi,cam on anh chi da nhan tin
NU,84348926235,Uu dai han muc,danh cho kh,25t.r th.anh toan 1tr/thang,Soan Y Sms phone/zalo,hoan toan mien phi,xin loi neu da lam phien
DUY,84977838791,Ho tro han muc,ap dung cho,25t.riu t.hanh toan 1tr/thang ,Soan Y Gui phone/zalo,khong mat phi,tran trong xin loi neu tin nhan nay lam phien
CHI,84396570529,Gui han muc ,danh rieng cho,25t g.op 1.1t /thang,Soan Y Sms phone/zalo,khong mat phi,cam on anh chi da nhan tin
NHAN,84967329443,uu dai han muc,danh cho kh,25t.r th.anh toan 1tr/thang,Soan Y Goi phone/zalo,hoan toan mien phi,xin loi neu da lam phien
GIANG,84328936938,ho tro han muc,ap dung cho,25t.riu t.hanh toan 1tr/thang ,Lien he phone/zalo,khong mat phi,tran trong xin loi neu tin nhan nay lam phien
VINH,84348888851,gui han muc ,danh rieng cho,25t g.op 1.1t /thang,Soan Y Nhan phone/zalo,khong mat phi,cam on anh chi da nhan tin
MY,84969984732,Uu dai han muc,danh cho kh,25t.r th.anh toan 1tr/thang,Soan Y Goi phone/zalo,khong mat phi,xin loi neu da lam phien
KY,84965659325,Ho tro han muc,ap dung cho,25t.riu t.hanh toan 1tr/thang ,Soan Y Nhan phone/zalo,hoan toan mien phi,tran trong xin loi neu tin nhan nay lam phien
PHUONG,84868728204,Gui han muc ,danh rieng cho,25t g.op 1.1t /thang,Soan Y Gui phone/zalo,hoan toan mien phi,cam on anh chi da nhan tin
XUAN,84349157903,uu dai han muc,danh cho kh,25t.r th.anh toan 1tr/thang,Soan Y Goi phone/zalo,khong mat phi,xin loi neu da lam phien
THAO,84975374019,ho tro han muc,ap dung cho,25t.riu t.hanh toan 1tr/thang ,Soan Y Nhan phone/zalo,khong mat phi,tran trong xin loi neu tin nhan nay lam phien
LOAN,84972081671,gui han muc ,danh rieng cho,25t g.op 1.1t /thang,Lien he phone/zalo,hoan toan mien phi,cam on anh chi da nhan tin
HUE,84329014683,Uu dai han muc,danh cho kh,25t.r th.anh toan 1tr/thang,Soan Y Sms phone/zalo,hoan toan mien phi,xin loi neu da lam phien
THUY,84967740552,Ho tro han muc,ap dung cho,25t.riu t.hanh toan 1tr/thang ,Soan Y Gui phone/zalo,khong mat phi,tran trong xin loi neu tin nhan nay lam phien
TY,84968901173,Gui han muc ,danh rieng cho,25t g.op 1.1t /thang,Soan Y Sms phone/zalo,khong mat phi,cam on anh chi da nhan tin
LOAN,84365250338,uu dai han muc,danh cho kh,25t.r th.anh toan 1tr/thang,Soan Y Goi phone/zalo,hoan toan mien phi,xin loi neu da lam phien
LOI,84343999291,ho tro han muc,ap dung cho,25t.riu t.hanh toan 1tr/thang ,Lien he phone/zalo,khong mat phi,tran trong xin loi neu tin nhan nay lam phien
THINH,84973559699,gui han muc ,danh rieng cho,25t g.op 1.1t /thang,Soan Y Nhan phone/zalo,khong mat phi,cam on anh chi da nhan tin
TAN,84347307526,Uu dai han muc,danh cho kh,25t.r th.anh toan 1tr/thang,Soan Y Goi phone/zalo,khong mat phi,xin loi neu da lam phien
HIEU,84339376683,Ho tro han muc,ap dung cho,25t.riu t.hanh toan 1tr/thang ,Soan Y Nhan phone/zalo,hoan toan mien phi,tran trong xin loi neu tin nhan nay lam phien
TUNG,84399709455,Gui han muc ,danh rieng cho,25t g.op 1.1t /thang,Soan Y Gui phone/zalo,hoan toan mien phi,cam on anh chi da nhan tin
NGUYET,84974756249,uu dai han muc,danh cho kh,25t.r th.anh toan 1tr/thang,Soan Y Goi phone/zalo,khong mat phi,xin loi neu da lam phien
DOI,84335699760,ho tro han muc,ap dung cho,25t.riu t.hanh toan 1tr/thang ,Soan Y Nhan phone/zalo,khong mat phi,tran trong xin loi neu tin nhan nay lam phien
TRANG,84376167855,gui han muc ,danh rieng cho,25t g.op 1.1t /thang,Lien he phone/zalo,hoan toan mien phi,cam on anh chi da nhan tin
LAP,84869039159,Uu dai han muc,danh cho kh,25t.r th.anh toan 1tr/thang,Soan Y Sms phone/zalo,hoan toan mien phi,xin loi neu da lam phien
NHUNG,84356917344,Ho tro han muc,ap dung cho,25t.riu t.hanh toan 1tr/thang ,Soan Y Gui phone/zalo,khong mat phi,tran trong xin loi neu tin nhan nay lam phien
HAO,84328840511,Gui han muc ,danh rieng cho,25t g.op 1.1t /thang,Soan Y Sms phone/zalo,khong mat phi,cam on anh chi da nhan tin
DAU,84369197842,uu dai han muc,danh cho kh,25t.r th.anh toan 1tr/thang,Soan Y Goi phone/zalo,hoan toan mien phi,xin loi neu da lam phien
MY,84862543757,ho tro han muc,ap dung cho,25t.riu t.hanh toan 1tr/thang ,Lien he phone/zalo,khong mat phi,tran trong xin loi neu tin nhan nay lam phien
NGA,84328930895,gui han muc ,danh rieng cho,25t g.op 1.1t /thang,Soan Y Nhan phone/zalo,khong mat phi,cam on anh chi da nhan tin
TAM,84982075460,Uu dai han muc,danh cho kh,25t.r th.anh toan 1tr/thang,Soan Y Goi phone/zalo,khong mat phi,xin loi neu da lam phien
DE,84988490105,Ho tro han muc,ap dung cho,25t.riu t.hanh toan 1tr/thang ,Soan Y Nhan phone/zalo,hoan toan mien phi,tran trong xin loi neu tin nhan nay lam phien
TUONG,84379804233,Gui han muc ,danh rieng cho,25t g.op 1.1t /thang,Soan Y Gui phone/zalo,hoan toan mien phi,cam on anh chi da nhan tin
TRINH,84974212914,uu dai han muc,danh cho kh,25t.r th.anh toan 1tr/thang,Soan Y Goi phone/zalo,khong mat phi,xin loi neu da lam phien
BUOI,84367668950,ho tro han muc,ap dung cho,25t.riu t.hanh toan 1tr/thang ,Soan Y Nhan phone/zalo,khong mat phi,tran trong xin loi neu tin nhan nay lam phien
VAN,84379442114,gui han muc ,danh rieng cho,25t g.op 1.1t /thang,Lien he phone/zalo,hoan toan mien phi,cam on anh chi da nhan tin
TRUC,84332927410,Uu dai han muc,danh cho kh,25t.r th.anh toan 1tr/thang,Soan Y Sms phone/zalo,hoan toan mien phi,xin loi neu da lam phien
HOA,84392131458,Ho tro han muc,ap dung cho,25t.riu t.hanh toan 1tr/thang ,Soan Y Gui phone/zalo,khong mat phi,tran trong xin loi neu tin nhan nay lam phien
TUYEN,84327421507,Gui han muc ,danh rieng cho,25t g.op 1.1t /thang,Soan Y Sms phone/zalo,khong mat phi,cam on anh chi da nhan tin
THANG,84379267494,uu dai han muc,danh cho kh,25t.r th.anh toan 1tr/thang,Soan Y Goi phone/zalo,hoan toan mien phi,xin loi neu da lam phien
TUNG,84976758968,ho tro han muc,ap dung cho,25t.riu t.hanh toan 1tr/thang ,Lien he phone/zalo,khong mat phi,tran trong xin loi neu tin nhan nay lam phien
CUONG,84988103438,gui han muc ,danh rieng cho,25t g.op 1.1t /thang,Soan Y Nhan phone/zalo,khong mat phi,cam on anh chi da nhan tin
NGUYEN,84974430419,Uu dai han muc,danh cho kh,25t.r th.anh toan 1tr/thang,Soan Y Goi phone/zalo,khong mat phi,xin loi neu da lam phien
TRAM,84392857730,Ho tro han muc,ap dung cho,25t.riu t.hanh toan 1tr/thang ,Soan Y Nhan phone/zalo,hoan toan mien phi,tran trong xin loi neu tin nhan nay lam phien
CUONG,84981481788,Gui han muc ,danh rieng cho,25t g.op 1.1t /thang,Soan Y Gui phone/zalo,hoan toan mien phi,cam on anh chi da nhan tin
LY,84961567385,uu dai han muc,danh cho kh,25t.r th.anh toan 1tr/thang,Soan Y Goi phone/zalo,khong mat phi,xin loi neu da lam phien
VANG,84393497443,ho tro han muc,ap dung cho,25t.riu t.hanh toan 1tr/thang ,Soan Y Nhan phone/zalo,khong mat phi,tran trong xin loi neu tin nhan nay lam phien
KIM,84373054521,gui han muc ,danh rieng cho,25t g.op 1.1t /thang,Lien he phone/zalo,hoan toan mien phi,cam on anh chi da nhan tin
HA,84984742338,Uu dai han muc,danh cho kh,25t.r th.anh toan 1tr/thang,Soan Y Sms phone/zalo,hoan toan mien phi,xin loi neu da lam phien
TUAN,84963929969,Ho tro han muc,ap dung cho,25t.riu t.hanh toan 1tr/thang ,Soan Y Gui phone/zalo,khong mat phi,tran trong xin loi neu tin nhan nay lam phien
SON,84335657342,Gui han muc ,danh rieng cho,25t g.op 1.1t /thang,Soan Y Sms phone/zalo,khong mat phi,cam on anh chi da nhan tin
THUAN,84988395168,uu dai han muc,danh cho kh,25t.r th.anh toan 1tr/thang,Soan Y Goi phone/zalo,hoan toan mien phi,xin loi neu da lam phien
DIEN,84362760815,ho tro han muc,ap dung cho,25t.riu t.hanh toan 1tr/thang ,Lien he phone/zalo,khong mat phi,tran trong xin loi neu tin nhan nay lam phien
BA,84988034283,gui han muc ,danh rieng cho,25t g.op 1.1t /thang,Soan Y Nhan phone/zalo,khong mat phi,cam on anh chi da nhan tin
GIAO,84985636253,Uu dai han muc,danh cho kh,25t.r th.anh toan 1tr/thang,Soan Y Goi phone/zalo,khong mat phi,xin loi neu da lam phien
AN,84396054809,Ho tro han muc,ap dung cho,25t.riu t.hanh toan 1tr/thang ,Soan Y Nhan phone/zalo,hoan toan mien phi,tran trong xin loi neu tin nhan nay lam phien
HAO,84338442615,Gui han muc ,danh rieng cho,25t g.op 1.1t /thang,Soan Y Gui phone/zalo,hoan toan mien phi,cam on anh chi da nhan tin
HIEU,84964351942,uu dai han muc,danh cho kh,25t.r th.anh toan 1tr/thang,Soan Y Goi phone/zalo,khong mat phi,xin loi neu da lam phien
NGA,84362062183,ho tro han muc,ap dung cho,25t.riu t.hanh toan 1tr/thang ,Soan Y Nhan phone/zalo,khong mat phi,tran trong xin loi neu tin nhan nay lam phien
LIEN,84359192990,gui han muc ,danh rieng cho,25t g.op 1.1t /thang,Lien he phone/zalo,hoan toan mien phi,cam on anh chi da nhan tin
THAM,84984976629,Uu dai han muc,danh cho kh,25t.r th.anh toan 1tr/thang,Soan Y Sms phone/zalo,hoan toan mien phi,xin loi neu da lam phien
HY,84334641237,Ho tro han muc,ap dung cho,25t.riu t.hanh toan 1tr/thang ,Soan Y Gui phone/zalo,khong mat phi,tran trong xin loi neu tin nhan nay lam phien
TRONG,84989668359,Gui han muc ,danh rieng cho,25t g.op 1.1t /thang,Soan Y Sms phone/zalo,khong mat phi,cam on anh chi da nhan tin
NAM,84382856272,uu dai han muc,danh cho kh,25t.r th.anh toan 1tr/thang,Soan Y Goi phone/zalo,hoan toan mien phi,xin loi neu da lam phien
HOANG,84968755262,ho tro han muc,ap dung cho,25t.riu t.hanh toan 1tr/thang ,Lien he phone/zalo,khong mat phi,tran trong xin loi neu tin nhan nay lam phien
TUAN,84972179248,gui han muc ,danh rieng cho,25t g.op 1.1t /thang,Soan Y Nhan phone/zalo,khong mat phi,cam on anh chi da nhan tin
TUOI,84982186726,Uu dai han muc,danh cho kh,25t.r th.anh toan 1tr/thang,Soan Y Goi phone/zalo,khong mat phi,xin loi neu da lam phien
GIANG,84367244920,Ho tro han muc,ap dung cho,25t.riu t.hanh toan 1tr/thang ,Soan Y Nhan phone/zalo,hoan toan mien phi,tran trong xin loi neu tin nhan nay lam phien
HAU,84337891918,Gui han muc ,danh rieng cho,25t g.op 1.1t /thang,Soan Y Gui phone/zalo,hoan toan mien phi,cam on anh chi da nhan tin
LAN,84396181696,uu dai han muc,danh cho kh,25t.r th.anh toan 1tr/thang,Soan Y Goi phone/zalo,khong mat phi,xin loi neu da lam phien
CO,84869725490,ho tro han muc,ap dung cho,25t.riu t.hanh toan 1tr/thang ,Soan Y Nhan phone/zalo,khong mat phi,tran trong xin loi neu tin nhan nay lam phien
THANG,84399621438,gui han muc ,danh rieng cho,25t g.op 1.1t /thang,Lien he phone/zalo,hoan toan mien phi,cam on anh chi da nhan tin
MAN,84962101527,Uu dai han muc,danh cho kh,25t.r th.anh toan 1tr/thang,Soan Y Sms phone/zalo,hoan toan mien phi,xin loi neu da lam phien
HIEU,84347046057,Ho tro han muc,ap dung cho,25t.riu t.hanh toan 1tr/thang ,Soan Y Gui phone/zalo,khong mat phi,tran trong xin loi neu tin nhan nay lam phien
HOAN,84967045593,Gui han muc ,danh rieng cho,25t g.op 1.1t /thang,Soan Y Sms phone/zalo,khong mat phi,cam on anh chi da nhan tin
TRUONG,84369828681,uu dai han muc,danh cho kh,25t.r th.anh toan 1tr/thang,Soan Y Goi phone/zalo,hoan toan mien phi,xin loi neu da lam phien
CHUNG,84975692120,ho tro han muc,ap dung cho,25t.riu t.hanh toan 1tr/thang ,Lien he phone/zalo,khong mat phi,tran trong xin loi neu tin nhan nay lam phien
HUNG,84969426063,gui han muc ,danh rieng cho,25t g.op 1.1t /thang,Soan Y Nhan phone/zalo,khong mat phi,cam on anh chi da nhan tin
HAI,84383108775,Uu dai han muc,danh cho kh,25t.r th.anh toan 1tr/thang,Soan Y Goi phone/zalo,khong mat phi,xin loi neu da lam phien
THOAN,84974588847,Ho tro han muc,ap dung cho,25t.riu t.hanh toan 1tr/thang ,Soan Y Nhan phone/zalo,hoan toan mien phi,tran trong xin loi neu tin nhan nay lam phien
VIET,84385189510,Gui han muc ,danh rieng cho,25t g.op 1.1t /thang,Soan Y Gui phone/zalo,hoan toan mien phi,cam on anh chi da nhan tin
LIEU,84982089564,uu dai han muc,danh cho kh,25t.r th.anh toan 1tr/thang,Soan Y Goi phone/zalo,khong mat phi,xin loi neu da lam phien
TRINH,84386662767,ho tro han muc,ap dung cho,25t.riu t.hanh toan 1tr/thang ,Soan Y Nhan phone/zalo,khong mat phi,tran trong xin loi neu tin nhan nay lam phien
DINH,84358170924,gui han muc ,danh rieng cho,25t g.op 1.1t /thang,Lien he phone/zalo,hoan toan mien phi,cam on anh chi da nhan tin
NGOC,84865266120,Uu dai han muc,danh cho kh,25t.r th.anh toan 1tr/thang,Soan Y Sms phone/zalo,hoan toan mien phi,xin loi neu da lam phien
MINH,84355717065,Ho tro han muc,ap dung cho,25t.riu t.hanh toan 1tr/thang ,Soan Y Gui phone/zalo,khong mat phi,tran trong xin loi neu tin nhan nay lam phien
HONG,84982310425,Gui han muc ,danh rieng cho,25t g.op 1.1t /thang,Soan Y Sms phone/zalo,khong mat phi,cam on anh chi da nhan tin
TUAN,84969424989,uu dai han muc,danh cho kh,25t.r th.anh toan 1tr/thang,Soan Y Goi phone/zalo,hoan toan mien phi,xin loi neu da lam phien
HA,84965733727,ho tro han muc,ap dung cho,25t.riu t.hanh toan 1tr/thang ,Lien he phone/zalo,khong mat phi,tran trong xin loi neu tin nhan nay lam phien
MAI,84363400688,gui han muc ,danh rieng cho,25t g.op 1.1t /thang,Soan Y Nhan phone/zalo,khong mat phi,cam on anh chi da nhan tin
THOM,84382339531,Uu dai han muc,danh cho kh,25t.r th.anh toan 1tr/thang,Soan Y Goi phone/zalo,khong mat phi,xin loi neu da lam phien
TUAN,84969161146,Ho tro han muc,ap dung cho,25t.riu t.hanh toan 1tr/thang ,Soan Y Nhan phone/zalo,hoan toan mien phi,tran trong xin loi neu tin nhan nay lam phien
SUONG,84332296732,Gui han muc ,danh rieng cho,25t g.op 1.1t /thang,Soan Y Gui phone/zalo,hoan toan mien phi,cam on anh chi da nhan tin
THUONG,84978130339,uu dai han muc,danh cho kh,25t.r th.anh toan 1tr/thang,Soan Y Goi phone/zalo,khong mat phi,xin loi neu da lam phien
THU,84346047263,ho tro han muc,ap dung cho,25t.riu t.hanh toan 1tr/thang ,Soan Y Nhan phone/zalo,khong mat phi,tran trong xin loi neu tin nhan nay lam phien
CHUC,84975182251,gui han muc ,danh rieng cho,25t g.op 1.1t /thang,Lien he phone/zalo,hoan toan mien phi,cam on anh chi da nhan tin
HUU,84977932111,Uu dai han muc,danh cho kh,25t.r th.anh toan 1tr/thang,Soan Y Sms phone/zalo,hoan toan mien phi,xin loi neu da lam phien
DUONG,84394398738,Ho tro han muc,ap dung cho,25t.riu t.hanh toan 1tr/thang ,Soan Y Gui phone/zalo,khong mat phi,tran trong xin loi neu tin nhan nay lam phien
NGA,84358502442,Gui han muc ,danh rieng cho,25t g.op 1.1t /thang,Soan Y Sms phone/zalo,khong mat phi,cam on anh chi da nhan tin
TIEN,84344189938,uu dai han muc,danh cho kh,25t.r th.anh toan 1tr/thang,Soan Y Goi phone/zalo,hoan toan mien phi,xin loi neu da lam phien
DO,84335664340,ho tro han muc,ap dung cho,25t.riu t.hanh toan 1tr/thang ,Lien he phone/zalo,khong mat phi,tran trong xin loi neu tin nhan nay lam phien
TRANG,84975784801,gui han muc ,danh rieng cho,25t g.op 1.1t /thang,Soan Y Nhan phone/zalo,khong mat phi,cam on anh chi da nhan tin
THAO,84982027228,Uu dai han muc,danh cho kh,25t.r th.anh toan 1tr/thang,Soan Y Goi phone/zalo,khong mat phi,xin loi neu da lam phien
KY,84369569868,Ho tro han muc,ap dung cho,25t.riu t.hanh toan 1tr/thang ,Soan Y Nhan phone/zalo,hoan toan mien phi,tran trong xin loi neu tin nhan nay lam phien
HUE,84967378497,Gui han muc ,danh rieng cho,25t g.op 1.1t /thang,Soan Y Gui phone/zalo,hoan toan mien phi,cam on anh chi da nhan tin
HAU,84366696245,uu dai han muc,danh cho kh,25t.r th.anh toan 1tr/thang,Soan Y Goi phone/zalo,khong mat phi,xin loi neu da lam phien
TUYEN,84975604864,ho tro han muc,ap dung cho,25t.riu t.hanh toan 1tr/thang ,Soan Y Nhan phone/zalo,khong mat phi,tran trong xin loi neu tin nhan nay lam phien
CHIEN,84985632568,gui han muc ,danh rieng cho,25t g.op 1.1t /thang,Lien he phone/zalo,hoan toan mien phi,cam on anh chi da nhan tin
DUC,84965637104,Uu dai han muc,danh cho kh,25t.r th.anh toan 1tr/thang,Soan Y Sms phone/zalo,hoan toan mien phi,xin loi neu da lam phien
VU,84333250523,Ho tro han muc,ap dung cho,25t.riu t.hanh toan 1tr/thang ,Soan Y Gui phone/zalo,khong mat phi,tran trong xin loi neu tin nhan nay lam phien
HIEP,84337216190,Gui han muc ,danh rieng cho,25t g.op 1.1t /thang,Soan Y Sms phone/zalo,khong mat phi,cam on anh chi da nhan tin
TUYEN,84392357981,uu dai han muc,danh cho kh,25t.r th.anh toan 1tr/thang,Soan Y Goi phone/zalo,hoan toan mien phi,xin loi neu da lam phien
THOA,84981402591,ho tro han muc,ap dung cho,25t.riu t.hanh toan 1tr/thang ,Lien he phone/zalo,khong mat phi,tran trong xin loi neu tin nhan nay lam phien
MANH,84394155884,gui han muc ,danh rieng cho,25t g.op 1.1t /thang,Soan Y Nhan phone/zalo,khong mat phi,cam on anh chi da nhan tin
DUNG,84362656723,Uu dai han muc,danh cho kh,25t.r th.anh toan 1tr/thang,Soan Y Goi phone/zalo,khong mat phi,xin loi neu da lam phien
THIEN,84967870399,Ho tro han muc,ap dung cho,25t.riu t.hanh toan 1tr/thang ,Soan Y Nhan phone/zalo,hoan toan mien phi,tran trong xin loi neu tin nhan nay lam phien
HONG,84373284408,Gui han muc ,danh rieng cho,25t g.op 1.1t /thang,Soan Y Gui phone/zalo,hoan toan mien phi,cam on anh chi da nhan tin
PHUC,84862629261,uu dai han muc,danh cho kh,25t.r th.anh toan 1tr/thang,Soan Y Goi phone/zalo,khong mat phi,xin loi neu da lam phien
TRUNG,84366052895,ho tro han muc,ap dung cho,25t.riu t.hanh toan 1tr/thang ,Soan Y Nhan phone/zalo,khong mat phi,tran trong xin loi neu tin nhan nay lam phien
HIEP,84963791886,gui han muc ,danh rieng cho,25t g.op 1.1t /thang,Lien he phone/zalo,hoan toan mien phi,cam on anh chi da nhan tin
QUANG,84985220062,Uu dai han muc,danh cho kh,25t.r th.anh toan 1tr/thang,Soan Y Sms phone/zalo,hoan toan mien phi,xin loi neu da lam phien
CHI,84969687462,Ho tro han muc,ap dung cho,25t.riu t.hanh toan 1tr/thang ,Soan Y Gui phone/zalo,khong mat phi,tran trong xin loi neu tin nhan nay lam phien
NHU,84865916935,Gui han muc ,danh rieng cho,25t g.op 1.1t /thang,Soan Y Sms phone/zalo,khong mat phi,cam on anh chi da nhan tin
KHOA,84372339929,uu dai han muc,danh cho kh,25t.r th.anh toan 1tr/thang,Soan Y Goi phone/zalo,hoan toan mien phi,xin loi neu da lam phien
HUNG,84968693586,ho tro han muc,ap dung cho,25t.riu t.hanh toan 1tr/thang ,Lien he phone/zalo,khong mat phi,tran trong xin loi neu tin nhan nay lam phien
PHONG,84344340595,gui han muc ,danh rieng cho,25t g.op 1.1t /thang,Soan Y Nhan phone/zalo,khong mat phi,cam on anh chi da nhan tin
